,Name,Amount,Percent
0,dillan,400.2,15.3816588515643
1,bik,400.2,15.3816588515643
2,dillan,600.5,23.08017526327927
3,David,200.1,7.69082942578215
4,david,600.3,23.072488277346448
5,vikram,400.5,15.393189330463525
